Time,Cluster1_Intensity,Cluster1_NormalForce,Cluster1_ShearForce_x,Cluster1_ShearForce_y,Cluster2_Intensity,Cluster2_NormalForce,Cluster2_ShearForce_x,Cluster2_ShearForce_y,shear1_forcex,shear1_forcey,shear2_forcex,shear2_forcey
0,941,0.660291662,-0.013549616,0.038390579,,,,,-0.013549616,0.038390579,,
0.1,3877,0.691167443,0.608234537,-0.023518017,,,,,0.352205768,0.001973758,,
0.2,5206,0.704995836,1.242125915,-0.005209412,,,,,0.758562,-0.001306228,,
0.4,10623,0.760422015,-0.116701382,0.95539629,,,,,0.41301783,0.376389199,,
0.5,17684,0.830455783,0.586240686,1.11215466,,,,,0.47548325,0.641711568,,
0.6,21643,0.868655248,1.115990998,-0.061358587,,,,,0.693256363,0.402667189,,
0.8,31220,0.957996522,0.812222866,-0.303343563,,,,,0.732149316,0.17185564,,
0.9,40961,1.044593833,1.200095957,0.129503356,,,,,0.881121243,0.15837269,,
1,47895,1.103732313,-0.938112369,-0.835037707,,,,,0.312401257,-0.152182449,,
1.2,61001,1.210133836,0.46153953,-1.187650537,,,,,0.358443313,-0.471852771,,
1.3,77275,1.333161722,0.466086786,-1.700529656,,,,,0.391387775,-0.847891348,,
1.5,96906,1.469544644,1.122059588,-1.009574566,,,,,0.613665934,-0.897077108,,
1.6,117903,1.602807895,1.306661793,-0.77284875,,,,,0.82359871,-0.859443977,,
1.8,138048,1.720427346,1.312442796,-1.426070081,,,,,0.971253364,-1.030592577,,
2,152386,1.799132603,1.61950077,-2.060721454,,,,,1.166655268,-1.341105419,,
2.1,168057,1.881333945,1.090226356,-1.635339534,,,,,1.143650142,-1.42966998,,
2.3,175401,1.918735654,1.016506071,-1.669312875,,,,,1.105417981,-1.501730483,,
2.5,186932,1.976318503,0.191803086,-1.304614585,,,,,0.830886462,-1.442499261,,
2.7,194787,2.014907805,0.851702526,-1.569785027,,,,,0.837138407,-1.480728568,,
2.8,195648,2.019112352,1.080178746,-1.683211049,,,,,0.910108734,-1.54152182,,
3,198738,2.03416646,0.760920757,-1.521841514,,,,,0.865327328,-1.535614429,,
3.2,202354,2.05172024,0.854883557,-1.353626455,,,,,0.862192971,-1.480996682,,
3.3,201885,2.049446954,0.389628948,0.43980254,,,,,0.720384953,-0.904599163,,
3.5,189838,1.990646639,-1.791581345,1.108383789,,,,,-0.033349338,-0.30058856,,
3.7,178907,1.936379201,-1.036382949,2.298726808,,,,,-0.334299781,0.47931064,,
3.9,181167,1.947686639,-1.235947131,2.071342644,,,,,-0.604819381,0.956965081,,
4.1,171436,1.898621236,-0.132069859,1.783192489,,,,,-0.462985204,1.204849592,,
4.2,157169,1.824604874,-0.376327024,2.270677505,,,,,-0.436986554,1.524612675,,
4.4,148421,1.777734111,-0.116609904,1.964050948,,,,,-0.340870464,1.656448402,,
4.6,139807,1.730287773,-0.72019893,1.307835206,,,,,-0.454671569,1.551862086,,
4.8,120614,1.619175372,-0.785513816,1.036576877,,,,,-0.553925809,1.397274084,,
4.9,111866,1.56570243,-0.768158522,1.637905875,,,,,-0.618196333,1.469464419,,
5,103266,1.511189399,-0.669419153,1.425065179,,,,,-0.633563298,1.456144544,,
5.2,94254,1.451828528,-1.154005148,0.636901484,,,,,-0.789696698,1.210370296,,
5.3,91675,1.434395665,-1.013491245,0.416968002,,,,,-0.856835316,0.972348706,,
5.5,88796,1.414691757,-1.465565672,-0.412463123,,,,,-1.039454907,0.556904056,,
5.6,89411,1.418922642,-1.457367206,-0.202464303,,,,,-1.16482883,0.329093125,,
5.8,91387,1.432436224,-2.021216341,-0.76757938,,,,,-1.421745417,9.09E-05,,
5.9,103831,1.514833003,-2.514468075,-0.950301287,,,,,-1.749562512,-0.285026983,,
6.1,108694,1.545828639,-1.7033312,-1.16323325,,,,,-1.73569311,-0.548489031,,
6.2,112056,1.566884446,-1.553480198,-0.760846725,,,,,-1.681029212,-0.612196368,,
6.4,115587,1.588681989,-1.036022915,-1.451316421,,,,,-1.487527262,-0.863932462,,
6.5,123753,1.637906987,-1.120930857,-1.120930857,,,,,-1.377548317,-0.941031997,,
6.7,127096,1.657604443,-0.943592964,-0.614769792,,,,,-1.247361691,-0.843153321,,
6.8,130437,1.677039702,-1.148620246,0.298470755,,,,,-1.217739254,-0.500666061,,
7,141136,1.737697919,-1.538325281,-0.946969873,,,,,-1.31391507,-0.634557215,,
7.1,140885,1.736301006,-1.127882733,-0.186971377,,,,,-1.258105366,-0.500281457,,
7.3,147520,1.772834147,-1.316062868,-0.308878828,,,,,-1.275492617,-0.442860666,,
7.4,138996,1.725749078,-0.323741521,1.317488338,,,,,-0.989967281,0.085244049,,
7.6,140710,1.73532635,-1.250015875,0,,,,,-1.067981861,0.059670834,,
7.8,133931,1.697106919,1.023066404,0,,,,,-0.440667373,0.041769583,,
7.9,136457,1.711455951,1.003360392,0.389056919,,,,,-0.00745904,0.145955785,,
8.1,134385,1.699695546,0,0,,,,,-0.005221328,0.102169049,,
8.2,137361,1.716559667,0.839964345,1.252322765,,,,,0.248334375,0.447215165,,
8.4,133333,1.693690686,1.327704921,0.7860464,,,,,0.57214554,0.548864536,,
8.5,123687,1.637515521,1.10912081,0.961256773,,,,,0.733238121,0.672582207,,
8.7,117823,1.602322173,1.091002205,0.166014146,,,,,0.840567347,0.520611789,,
8.8,99088,1.483964338,1.130139224,0.792958202,,,,,0.92743891,0.602315713,,
9,93573,1.447245035,0.852506066,1.327897152,,,,,0.904959057,0.819990145,,
9.1,84593,1.385454221,0.614956477,0.987176654,,,,,0.817958283,0.870146098,,
9.3,81025,1.360182339,0.834962313,0.197516371,,,,,0.823059492,0.66835718,,
9.4,79921,1.352276943,0.649409769,0.799389326,,,,,0.770964575,0.707666823,,
9.5,74625,1.313776323,0,0.848053869,,,,,0.539675202,0.749782937,,
9.7,69633,1.27658706,0.155073131,0.879972162,,,,,0.424294581,0.788839705,,
9.8,69361,1.274535063,0.376828487,1.071637699,,,,,0.410054753,0.873679103,,
10,68085,1.264872872,-0.411454538,0.729695788,,,,,0.163601966,0.830484108,,
10.1,68540,1.268325054,0,0,,,,,0.114521376,0.581338876,,
10.2,70320,1.281757939,0.522002575,0.904698457,,,,,0.236765736,0.67834675,,
10.4,75494,1.320160153,0,1.244170221,,,,,0.165736015,0.848093791,,
10.5,73346,1.304332409,-0.167123479,-0.819899721,,,,,0.065878167,0.347695738,,
10.7,75274,1.318546485,-0.925481101,-0.001510763,,,,,-0.231529614,0.242933788,,
10.8,75618,1.321068933,-0.667576062,1.548514979,,,,,-0.362343548,0.634608145,,
11,73353,1.304384253,-0.334007304,1.110262487,,,,,-0.353842675,0.777304448,,
11.1,72655,1.299206172,-1.409617966,-0.032832372,,,,,-0.670575262,0.534263402,,
11.3,69884,1.278478252,-1.247862277,1.081858629,,,,,-0.843761367,0.69854197,,
11.4,72190,1.295747,-1.03553613,0.371055039,,,,,-0.901293796,0.600295891,,
11.5,70055,1.27976537,-0.494027357,1.263105861,,,,,-0.779113864,0.799138882,,
11.7,68892,1.270990571,-1.589818527,0.472780791,,,,,-1.022325263,0.701231455,,
11.8,69719,1.277235295,-0.222275331,1.130412172,,,,,-0.782310283,0.82998567,,
12,69995,1.27931387,-0.85322917,1.047612017,,,,,-0.803585949,0.895273574,,
12.1,68621,1.268938826,-0.391039319,1.262986729,,,,,-0.67982196,1.00558752,,
12.2,72672,1.299332491,-0.358775917,0.772487466,,,,,-0.583508147,0.935657504,,
12.4,73653,1.306604496,-0.969794879,0.805727989,,,,,-0.699394167,0.89667865,,
12.5,77974,1.33823465,0,1.395612383,,,,,-0.489575917,1.04635877,,
12.7,75929,1.323345858,0,0,,,,,-0.342703142,0.732451139,,
12.9,73751,1.307329087,-0.247261436,0.977403861,,,,,-0.31407063,0.805936955,,
13,75171,1.317790415,-0.988498516,0.270007993,,,,,-0.516398996,0.645158267,,
13.1,77885,1.337589672,0,1.1854478,,,,,-0.361479297,0.807245127,,
13.3,74781,1.31492427,-0.117046921,1.021493307,,,,,-0.288149584,0.871519581,,
13.4,75981,1.323726238,0,0,,,,,-0.201704709,0.610063707,,
13.6,78347,1.340934817,-0.783567729,0.156151629,,,,,-0.376263615,0.473890083,,
13.8,76892,1.330375016,-0.703554139,0.550619972,,,,,-0.474450772,0.49690905,,
13.9,80951,1.359653728,-0.641158756,0.198532321,,,,,-0.524463167,0.407396031,,
14.1,82250,1.368906427,0.512342755,0.656532521,,,,,-0.213421391,0.482136978,,
14.3,76366,1.326539598,-0.747248251,0.157649966,,,,,-0.373569449,0.384790875,,
14.4,69979,1.279193448,0,0,,,,,-0.261498614,0.269353612,,
14.5,69240,1.273621364,-0.704945497,0.395876547,,,,,-0.394532679,0.307310493,,
14.7,63190,1.227249704,-0.705104088,-0.423477676,,,,,-0.487704102,0.088074042,,
14.8,59669,1.199629253,-0.339176378,0.871231866,,,,,-0.443145785,0.323021389,,
15,58571,1.190918587,0,0,,,,,-0.310202049,0.226114972,,
15.1,53633,1.151160491,0.143396758,1.161932258,,,,,-0.174122407,0.506860158,,
15.3,54546,1.158584215,0,0,,,,,-0.121885685,0.354802111,,
15.4,53559,1.150557327,-1.067908776,0.09493813,,,,,-0.405692612,0.276842916,,
15.5,51289,1.131947771,0.147901333,0.702158168,,,,,-0.239614429,0.404437492,,
15.7,54261,1.156270416,0,0,,,,,-0.1677301,0.283106244,,
15.8,54801,1.160651713,0.495304024,0.750290183,,,,,0.031180137,0.423261426,,
15.9,55708,1.167984585,0,1.020598137,,,,,0.021826096,0.602462439,,
16.1,54914,1.161567071,0,0,,,,,0.015278267,0.421723707,,
16.2,56289,1.172664716,0.172555143,0.591991146,,,,,0.06246133,0.472803939,,
16.3,55167,1.163614661,0.582634051,-0.430456217,,,,,0.218513146,0.201825892,,
16.5,61146,1.211273242,0.447127525,0.240032796,,,,,0.28709746,0.213287963,,
16.6,62695,1.223395205,0.828818792,-1.159319486,,,,,0.44961386,-0.198494271,,
16.8,62204,1.219562683,0.823355972,-0.989173898,,,,,0.561736493,-0.435698159,,
16.9,61677,1.215438968,0.533992074,-1.121291876,,,,,0.553413167,-0.641376274,,
17.1,66078,1.24955463,0.97381625,-0.649773715,,,,,0.679534092,-0.643895507,,
17.2,67352,1.259295504,0.624413739,-1.135198755,,,,,0.662997986,-0.791286481,,
17.3,72415,1.297421753,0.912939202,-1.369408803,,,,,0.737980351,-0.964723178,,
17.4,74883,1.315674391,0.834247263,-1.197158607,,,,,0.766860425,-1.034453806,,
17.6,77608,1.335580529,0.850006624,-0.720672836,,,,,0.791804284,-0.940319515,,
17.7,88110,1.409958316,0,0,,,,,0.554262999,-0.658223661,,
17.8,85905,1.394641993,1.08271379,-0.723901527,,,,,0.712798236,-0.677927021,,
18,85163,1.389452728,0.656358037,-1.312716074,,,,,0.695866177,-0.868363737,,
18.1,84036,1.381536668,0.799189888,-1.68436208,,,,,0.72686329,-1.11316324,,
18.2,81885,1.366312234,0.551414846,-1.319029333,,,,,0.674228757,-1.174923068,,
18.4,83925,1.380754758,0.814349926,-0.521374908,,,,,0.716265108,-0.97885862,,
18.5,82503,1.370701998,0.465387983,-1.305336891,,,,,0.64100197,-1.076802101,,
18.7,78625,1.342944186,0,0,,,,,0.448701379,-0.753761471,,
18.8,76215,1.325436788,0.812107689,0.353522489,,,,,0.557723272,-0.421576283,,
19,71174,1.288162073,0.5722891,-0.686338298,,,,,0.56209302,-0.501004887,,
19.1,69495,1.275546308,0.098087762,1.258098816,,,,,0.422891443,0.026726224,,
19.2,68747,1.269893106,0.873267138,0.15689411,,,,,0.558004151,0.06577659,,
19.4,67290,1.258822844,0.778248179,0.74088031,,,,,0.62407736,0.268307706,,
19.5,70043,1.27967508,-0.699168571,0.907487546,,,,,0.22710358,0.460061658,,
19.7,75477,1.320035521,1.005691795,-0.141098639,,,,,0.460680045,0.279713569,,
19.8,74959,1.316233067,-0.43318179,-0.458344949,,,,,0.192521494,0.058296013,,
20,75049,1.316894397,-0.480752095,1.117483985,,,,,-0.009460582,0.376052405,,
20.1,74421,1.312273876,1.369166818,0.58199312,,,,,0.404127638,0.437834619,,
20.2,74620,1.313739516,0,-0.681785789,,,,,0.282889346,0.101948497,,
20.4,75705,1.321706225,-0.155337859,0.862080538,,,,,0.151421185,0.329988109,,
20.5,76774,1.32951543,0,0,,,,,0.105994829,0.230991676,,
20.7,77526,1.334985261,0,0,,,,,0.074196381,0.161694174,,
20.8,71444,1.290181352,-0.640494134,0.760705665,,,,,-0.140210774,0.341397621,,
20.9,65786,1.24731357,-0.532959701,0.943620848,,,,,-0.258035452,0.522064589,,
21.1,64851,1.240116238,-0.477919103,0.652324163,,,,,-0.324000547,0.561142461,,
21.2,58789,1.192651745,0.774752636,0.286314438,,,,,0.005625408,0.478694054,,
21.3,51823,1.0702026,0.628228697,0.639717714,,,,,0.192406394,0.527001152,,
21.5,50962,1.0648644,0.742596228,-0.638502672,7353,1.08574692,0.651024026,-0.757158909,0.357463345,0.177350005,0.651024026,-0.757158909
21.6,53028,1.0776736,-0.447042651,0.197955113,20832,1.13683648,-0.853767272,-0.62029736,0.116111546,0.183531537,-0.234147326,-0.676652115
21.7,45612,1.0316944,-0.936239827,-1.328667366,38645,1.1414462,-1.023457955,-1.507605693,-0.199593866,-0.270128134,-0.594563138,-1.056082973
21.9,50600,1.06262,-0.531314234,-0.391314434,43124,1.18509216,-0.774288149,-0.373456135,-0.299109976,-0.306484024,-0.665516557,-0.786589551
22,51382,1.0674684,-0.744041895,0.432006597,44632,1.19422328,-0.982932727,0.431544832,-0.432589552,-0.084936838,-0.779979133,-0.347321446
22.2,45788,1.0327856,-0.616447133,-0.12385607,60672,1.20509408,-0.88881027,0.334259627,-0.487746826,-0.096612607,-0.816981801,-0.115583371
22.3,44711,1.0261082,-0.862700864,0.780880104,47024,1.15965636,-0.998351496,0.808979069,-0.600233038,0.166635206,-0.876275828,0.186677874
22.4,44854,1.0269948,0,0,45087,1.15504188,-0.689222805,-0.553497493,-0.420163126,0.116644644,-0.816727053,-0.048958716
22.5,43336,1.0175832,-0.745998241,-0.126691498,27524,1.09575136,-0.620353077,0.319086594,-0.517913661,0.043643802,-0.755337573,0.066097823
22.7,37150,0.97923,-0.370160981,0.510644347,24533,1.04890372,-0.098248915,0.897853504,-0.473587857,0.183743965,-0.552480773,0.32287793
22.8,34888,0.9652056,0.054683248,0.648901495,28944,1.04740656,-0.449074041,-0.348301995,-0.315106525,0.323291224,-0.520832973,0.117462212
22.9,34546,0.9630852,0.464671998,-0.753611907,41012,1.07955928,0.479629758,-0.735573189,-0.081172968,0.000220285,-0.216481538,-0.142040256
23.1,33711,0.9579082,0,0,42894,1.07972716,0,0,-0.056821078,0.000154199,-0.15090168,-0.099011276
23.2,32005,0.947331,-0.10947379,0.672288235,52624,1.09678316,0,0,-0.072616891,0.20179441,-0.105322044,-0.069105062
23.3,35048,0.9661976,-0.304120243,-0.706457286,51535,1.112557,-0.314027152,-0.932303127,-0.142067897,-0.070681099,-0.168232247,-0.329299772
23.5,35760,0.970612,0.571966436,-0.344423435,52066,1.11847944,0.503807203,-0.628904399,0.072142403,-0.1528038,0.034051838,-0.419480858
23.6,37475,0.981245,0.097297962,-0.719251924,51779,1.12829736,0.254997708,-0.687507088,0.079689071,-0.322738237,0.100490154,-0.500076217
23.8,41297,1.0049414,0.764405636,-0.428040989,47923,1.14104272,0.775652802,-0.599230936,0.28510404,-0.354329063,0.30336932,-0.529871151
23.9,41918,1.0087916,0,-0.855830476,45666,1.13848304,0,0,0.199572828,-0.504779487,0.212254663,-0.3707284
24,44520,1.024924,0.126605375,-0.727084952,44844,1.15228096,0,-0.891617223,0.177682592,-0.571471126,0.148527415,-0.527119836
24.2,47300,1.04216,0.082797591,-1.068428351,42209,1.16203356,0.18381119,-1.185958937,0.149217092,-0.720558294,0.159118463,-0.724882025
24.3,51866,1.0704692,0.94685566,-0.276634488,41303,1.18776972,1.113928304,-0.197710022,0.388508662,-0.587381152,0.445673453,-0.566668566
24.5,53214,1.0788268,0.972583061,-0.750328634,42437,1.19934788,1.021605463,-0.855390897,0.563730982,-0.636265397,0.618500357,-0.653308977
24.6,56713,1.1005206,0.225426682,-0.819646942,38874,1.21092276,0,0,0.462239692,-0.69127986,0.432914695,-0.457278728
24.7,60581,1.1245022,0.865456742,0.320440094,33522,1.21970468,0.961174039,0.535779618,0.583204807,-0.387763874,0.591413754,-0.159321266
24.9,62761,1.1380182,0.622490216,0.283952904,36516,1.24172364,0.679216569,0.309828993,0.59499043,-0.186248841,0.617757071,-0.018562975
25,63714,1.1439268,0.120007968,-0.904128385,34556,1.24206584,0.275056059,-0.898594802,0.452495691,-0.401612704,0.514940011,-0.282589873
25.1,68485,1.173507,0.941389821,0.544967077,32396,1.26551164,0,0,0.59916393,-0.11763877,0.360450902,-0.197809011
25.3,70374,1.1852188,0.442247309,-1.152012282,32259,1.27683436,0.294489086,-1.268159412,0.552088944,-0.427950823,0.34066172,-0.518924471
25.4,75669,1.2180478,-0.428019286,-0.698792525,29769,1.30259176,-0.531913072,-0.531913072,0.258056475,-0.509203334,0.078883382,-0.522821139
25.6,82544,1.2606728,0.853881315,0.223066957,29238,1.34370872,0.663700874,0.469321974,0.436803927,-0.289522247,0.254331398,-0.225173509
25.7,86333,1.2841646,0,-0.836816752,27810,1.363145,0,0,0.305762749,-0.453710598,0.178031136,-0.15762071
25.9,117970,1.603214565,0.768104489,-2.82379892,,,,,0.444465271,-1.164737095,0.178031136,-0.15762071
26,88869,1.2998878,1.255025006,-2.183416688,,,,,0.687633191,-1.470340973,0.178031136,-0.15762071
26.2,134327,1.699365079,-1.628575515,-1.054382373,,,,,-0.007229421,-1.345553393,0.178031136,-0.15762071
26.3,82136,1.2581432,1.309812822,-0.154011302,,,,,0.387883252,-0.988090766,0.178031136,-0.15762071
26.5,79585,1.242327,-2.220789508,0.041636568,61431,1.41679104,-2.492895349,0.978625439,-0.394718576,-0.679172565,-1.533851965,0.570636167
26.7,75068,1.2143216,-0.970782801,0.195539525,66910,1.404346,-1.047556533,0.351951284,-0.567537843,-0.416758938,-1.301414836,0.466110229
26.8,68820,1.175584,-0.098904151,1.039448132,69341,1.37251244,-0.356640205,1.130507992,-0.426947736,0.020103183,-0.918063122,0.735696237
27,61461,1.1299582,-1.145211668,-0.238206187,70392,1.32987148,-1.309825022,-0.081586573,-0.642426915,-0.057389628,-1.061820626,0.435793319
27.1,56368,1.0983816,-0.253278231,1.098299769,72294,1.30369656,-0.490620803,1.275349065,-0.52568231,0.289317191,-0.865370718,0.724537542
27.3,51560,1.068572,-0.491271585,0.765928378,77903,1.28981652,-0.520491388,0.878133585,-0.515359093,0.432300547,-0.751748928,0.775140335
27.4,44192,1.0228904,-0.081652875,0.994595864,83973,1.26137372,-0.09323573,1.32215555,-0.385247227,0.600989142,-0.54100644,0.950200376
27.5,37072,0.9787464,-0.387040846,0.868517137,76130,1.1949556,-0.472539798,1.060376229,-0.385785313,0.681247541,-0.519525432,0.984767405
27.7,36718,0.9765516,-0.522666534,-0.418302438,76822,1.19472608,-0.639437117,-0.511756709,-0.426849679,0.351382547,-0.556636955,0.521607458
27.8,34888,0.9652056,-0.438986814,0,75529,1.17970796,-0.62534706,0.174228496,-0.43049082,0.245967783,-0.577702159,0.415107713
28,29726,0.9332012,-0.328185586,0.552159497,82621,1.16784484,-0.262814767,0.794670833,-0.39979925,0.337825297,-0.481794862,0.530713717
28.1,26747,0.9147314,-0.80085618,0.54860653,80248,1.14263572,-0.927635197,0.769057242,-0.520116329,0.401059667,-0.616968725,0.60297684
28.3,24992,0.9038504,-0.835260713,0.21320889,78905,1.1279406,-1.032677105,0.54365374,-0.614659644,0.344704434,-0.742606261,0.585047906
28.4,22858,0.8906196,-0.482960887,0.815225939,82016,1.12354504,-0.696012416,0.957859492,-0.575150017,0.485860885,-0.728555693,0.697470791
28.6,21097,0.8797014,-1.134124258,0.202901381,79987,1.10686448,-1.458790566,0.320988677,-0.742842289,0.400973034,-0.948419354,0.584117213
28.7,18062,0.8608844,-0.895026155,0.343819882,79356,1.08625544,-1.232725819,0.329380896,-0.788497449,0.383827088,-1.033927233,0.507502837
28.8,15992,0.8480504,-0.924136105,0.17026566,77889,1.06925516,-1.137838213,0.419277578,-0.829189046,0.31975866,-1.065155732,0.480988388
29,12725,0.827795,-0.538164673,0.949781732,79920,1.0547678,-0.571642499,1.38697955,-0.741881734,0.508765582,-0.916918328,0.753122485
29.1,12490,0.826338,-0.671956912,0.436496296,85526,1.06923184,-0.768121163,0.724410544,-0.720904287,0.487084796,-0.872240478,0.744501435
29.2,10210,0.812202,-0.069289767,0.84167952,90003,1.06781052,-0.084358245,1.193436452,-0.525419931,0.593463213,-0.635732403,0.879263652
29.4,9291,0.8065042,-0.673481717,0.284969901,96455,1.0804364,-0.671008234,0.369133851,-0.569838467,0.500915219,-0.646319646,0.726159729
29.5,10167,0.8119354,-0.110146858,0.986125863,96722,1.08662588,-0.408073,1.06677845,-0.431930984,0.646478413,-0.57482441,0.828375714
29.7,9988,0.8108256,-0.355843761,0.445810295,99428,1.09320112,-0.451559873,0.679891972,-0.409104817,0.586277977,-0.537837357,0.783821325
29.8,9197,0.8059214,-0.378563964,0.496669661,105212,1.10472348,0,1.01031482,-0.399942561,0.559395482,-0.376462656,0.851779267
30,10281,0.8126422,0.063197261,0.820420289,112740,1.1328238,-0.091743825,1.099264988,-0.261000615,0.637702924,-0.291038301,0.92603255
30.1,7994,0.7984628,-0.490873115,0.340034725,132617,1.17509508,-0.433070864,0.913343224,-0.329962365,0.548402465,-0.33365111,0.922225481
30.3,9018,0.8048116,0.098295538,0.94685907,133928,1.18516712,-0.070705272,1.43288161,-0.201484994,0.667939446,-0.254763419,1.07542997
30.4,8921,0.8042102,-0.484665895,0.325243119,133077,1.18214888,-0.600999316,0.600999316,-0.286439264,0.565130548,-0.358637819,0.933095799
30.6,10112,0.8115944,-0.210674642,0.613813282,135919,1.19760436,-0.383716688,0.677422703,-0.263709878,0.579735368,-0.366161664,0.856391993
30.7,10538,0.8142356,0.411844387,0.30613494,141717,1.21671188,0.54197664,0.681087558,-0.061043598,0.49765524,-0.093715506,0.803799762
30.9,7676,0.7964912,-0.154178197,0.577919201,154965,1.2365918,0,0,-0.088983978,0.521734428,-0.065600517,0.562656942
31.1,8973,0.8045326,-0.537833919,0.442455982,148807,1.22714448,-0.706235303,0.834672459,-0.22363896,0.497950894,-0.257792566,0.644262282
31.2,13623,0.8333626,0.359163136,-0.739198955,134358,1.21493932,0.266792143,-1.405991515,-0.048798331,0.12680594,-0.100416229,0.029182529
31.3,19349,0.8688638,0.213529989,-1.012174317,120563,1.21126272,0.068334444,-1.569012808,0.029900165,-0.214888137,-0.049790819,-0.450278043
31.5,25655,0.907961,0.432548874,-1.027517671,111826,1.22554684,0.341614354,-1.57146725,0.150694778,-0.458676998,0.067631071,-0.786635774
31.7,28453,0.9253086,0.255507496,-0.948767785,114274,1.24984676,0.423363535,-1.270090605,0.182138593,-0.605704234,0.174351025,-0.931672515
31.8,32041,0.9475542,0.492657837,-0.80079332,104951,1.24561504,0.418785688,-1.256357064,0.275294366,-0.66423096,0.247681528,-1.029078017
31.9,44252,1.0232624,0.20547092,-1.175241312,88692,1.27514768,0.351193769,-1.409991857,0.254347332,-0.817534065,0.278735231,-1.143352282
32.1,46760,1.038812,0,-1.265776035,85108,1.28051872,0.15167947,-1.519104622,0.178043133,-0.952006656,0.240618476,-1.256078062
32.2,52171,1.0723602,0.682343078,-0.852964097,79973,1.29948352,0.880742705,-0.880742705,0.329333116,-0.922293888,0.432655838,-1.1434774
32.4,59197,1.1159214,0.568389881,-0.440802051,78913,1.34003432,0.747478663,-0.610449589,0.401050146,-0.777846337,0.527102717,-0.983569003
32.5,56993,1.1022566,0.668057774,0,82313,1.33602552,0.809740886,0,0.481152434,-0.544492436,0.611894188,-0.688498232
32.7,55066,1.0903092,0.661173333,0,83401,1.32716804,0.884939556,0,0.535158704,-0.381144705,0.693807812,-0.481948728
32.8,49037,1.0529294,1.040431848,0.161511769,81833,1.28533512,1.058765313,0.535613662,0.686740647,-0.218347763,0.803295075,-0.176679976
33,49010,1.052762,0.588571154,1.300452102,81709,1.28481556,0.705729812,1.627651497,0.657289799,0.237292197,0.774025494,0.36461951
33.1,46937,1.0399094,0.834087131,0.901855972,90898,1.29805972,0.999367434,1.08725674,0.710328999,0.436661329,0.84162808,0.581410691
33.3,43543,1.0188666,1.17832616,0.31085309,99380,1.3011058,1.548178609,0.387044652,0.850728147,0.398918857,1.053593247,0.523100877
33.4,40130,0.997706,1.175152339,0.308259181,107190,1.3021256,1.523714328,0.474745429,0.948055405,0.371720954,1.194629575,0.508594242
33.6,36376,0.9744312,1.019983337,0.56969372,115247,1.30173268,1.316292322,0.777213602,0.969633784,0.431112784,1.2311284,0.589180052
33.8,41709,1.0074958,1.272008822,0.458298151,133250,1.3859258,1.721350394,0.574664161,1.060346296,0.439268394,1.378195,0.584825285
33.9,42424,1.0119288,1.109801823,0.196992286,138170,1.4043316,1.552295232,0,1.075182954,0.366585562,1.43042507,0.409377697
34.1,64276,1.1474112,1.166119425,0.304836214,124240,1.5002528,1.163291766,0.500255206,1.102463895,0.348060757,1.350285078,0.43664095
34.2,60484,1.1239008,0.313774481,1.080735193,125049,1.47903996,0.503319609,1.466084884,0.865857071,0.567863088,1.096195436,0.745474132
34.4,62990,1.139438,0.620335459,-0.508759317,130351,1.50963484,0.951671926,-0.516439519,0.792200587,0.244876367,1.052838383,0.366900035
34.6,63475,1.142445,0.915702836,0.363249325,134645,1.5248368,1.242158406,0.364422172,0.829251262,0.280388254,1.10963439,0.366156676
34.7,66826,1.1632212,1.015097608,-0.273198827,138121,1.55548484,1.244870622,-0.622435311,0.885005166,0.11431213,1.15020526,0.06957908
34.9,65706,1.1562772,0,0,137748,1.54748152,1.166547638,-0.292505201,0.619503616,0.080018491,1.155107973,-0.039046205
35,65821,1.1569902,0.096113635,0.881826188,141576,1.55906604,0.25676654,1.177894575,0.462486622,0.3205608,0.885605543,0.32603603
35.2,69466,1.1795892,0.998322058,0.203569053,143161,1.58616644,0,0,0.623237253,0.285463276,0.61992388,0.228225221
35.3,72503,1.1984186,1.014407999,0.552938053,138350,1.5913326,0,0,0.740588477,0.365705709,0.433946716,0.159757654
35.5,72143,1.1961866,-0.461155839,-0.808797745,128962,1.56243868,-0.746871629,-1.247354582,0.380065182,0.013354673,0.079701212,-0.262376017
35.7,75784,1.2187608,-0.64018625,-1.003516627,127374,1.58050296,0,0,0.073989752,-0.291706717,0.055790849,-0.183663212
35.8,79768,1.2434616,0.290089868,-1.090416839,124808,1.59791632,0.328063586,-1.606603845,0.138819787,-0.531319754,0.13747267,-0.610545402
35.9,81407,1.2536234,-0.767712878,-0.804562678,120294,1.59525836,-0.980563742,-1.256778525,-0.133140012,-0.613292631,-0.197938254,-0.804415339
36.1,77270,1.227974,-1.401818929,-0.700909465,116586,1.55907824,-1.744329565,-0.827140737,-0.513743687,-0.639577681,-0.661855647,-0.811232958
36.3,73786,1.2063732,-1.186390739,-0.338785496,119600,1.5460372,-1.485865297,-0.637258518,-0.715537803,-0.549340026,-0.909058542,-0.759040626
36.4,64651,1.1497362,-1.159302221,-0.708960671,127306,1.51128524,-1.348487948,-0.915087021,-0.848667128,-0.597226219,-1.040887364,-0.805854545
36.6,65554,1.1553348,-1.543346458,-0.209638443,123106,1.50495584,-1.952870291,-0.491638968,-1.057070927,-0.480949886,-1.314482242,-0.711589872
36.7,62654,1.1373548,-1.073835204,-0.668303538,118588,1.47414472,-1.33168512,-0.88779008,-1.06210021,-0.537155982,-1.319643105,-0.764449934
36.9,59836,1.1198832,-1.093658278,-0.507414491,115509,1.44792876,-1.314901694,-0.844839675,-1.071567631,-0.528233535,-1.318220682,-0.788566856
37,55760,1.094612,-0.990780867,-0.711982239,115138,1.42160392,-1.250677369,-0.625338684,-1.047331602,-0.583358146,-1.297957688,-0.739598405
37.2,55230,1.091326,-1.221058499,-0.579523614,116769,1.42294996,-1.574609788,-0.618815547,-1.099449671,-0.582207786,-1.380953318,-0.703363547
37.4,55984,1.0960008,-0.838938776,0.372726639,112844,1.41647776,-1.105165351,0.367854773,-1.021296402,-0.295727459,-1.298216928,-0.381998051
37.5,54998,1.0898876,-0.743807182,-0.402444401,109689,1.40140436,-0.923845028,-0.641185476,-0.938049636,-0.327742541,-1.185905358,-0.459754279
37.7,54776,1.0885112,-1.1108588,-0.394567802,104597,1.38556668,-1.427802651,-0.41351541,-0.989892385,-0.34779012,-1.258474546,-0.445882618
37.8,51175,1.066185,-0.916854721,-0.098001125,98329,1.34543936,-1.219571704,0,-0.967981086,-0.272853421,-1.246803693,-0.312117833
37.9,51689,1.0693718,0,0,98558,1.34927652,0,0,-0.67758676,-0.190997395,-0.872762585,-0.218482483
38.1,53074,1.0779588,-1.251000186,-0.07507602,96441,1.35185124,-1.362874631,-0.215251126,-0.849610788,-0.156220982,-1.019796199,-0.217513076
38.2,51781,1.0699422,0,0,99628,1.35288572,-0.646110037,-0.935583957,-0.594727552,-0.109354688,-0.90769035,-0.43293434
38.4,49370,1.054994,-0.566794112,0.454766338,88165,1.3053826,-0.701315052,0.562698996,-0.58634752,0.05988162,-0.845777761,-0.134244339
38.5,43835,1.020677,-0.813235846,-0.11079715,83790,1.2586406,-0.765981647,-0.176499059,-0.654414018,0.008677989,-0.821838927,-0.146920755
38.7,45758,1.0325996,-0.618983955,-0.396854302,77948,1.25397192,-0.657703217,-0.775715474,-0.643784999,-0.112981698,-0.772598214,-0.335559171
38.8,46057,1.0344534,-0.478529333,-0.740072284,69764,1.23258316,-0.645428279,-0.932993423,-0.594208299,-0.301108874,-0.734447233,-0.514789446
39,44160,1.022692,-0.895250841,-0.44762542,68358,1.21682872,-1.00983701,-0.55190857,-0.684521062,-0.345063838,-0.817064166,-0.525925184
39.1,42705,1.013671,-0.52741426,-0.52741426,66781,1.20332904,-0.510515446,-0.663071794,-0.637389021,-0.399768964,-0.72509955,-0.567069167
39.2,44370,1.023994,-0.35687531,-0.558237773,65896,1.21113864,-0.360494376,-0.485353903,-0.553234908,-0.447309607,-0.615717998,-0.542554588
39.4,43508,1.0186496,-0.726597413,0.63855778,67967,1.21167588,0,0,-0.605243659,-0.121549391,-0.431002599,-0.379788211
39.5,43971,1.0215202,-0.510864867,0,69353,1.21848272,-0.691442419,-0.163926249,-0.576930022,-0.085084574,-0.509134545,-0.315029623
39.7,50775,1.063705,-0.293906382,-0.480420499,68977,1.25959968,-0.147600513,-0.777737755,-0.49202293,-0.203685351,-0.400674335,-0.453842062
39.8,51180,1.066216,-0.579873462,-0.454564708,67278,1.25728552,-0.502060794,-0.778864565,-0.518378089,-0.278949158,-0.431090273,-0.551348813
39.9,46984,1.0402008,0.293869794,-0.811133723,73509,1.24896636,0,-0.943230912,-0.274703724,-0.438604528,-0.301763191,-0.668913443
40.1,48890,1.052018,0.134056606,0.580876689,76067,1.26804828,0.161584924,0.700158825,-0.152075625,-0.132760163,-0.162758756,-0.258191762
40.3,42317,1.0112654,0.706248186,0,85890,1.255193,0.741975252,-0.137692495,0.105421518,-0.092932114,0.108661446,-0.222041982
40.4,30987,0.9410194,0.61946581,-0.332223015,93535,1.2066588,0.485617211,-0.625573444,0.259634806,-0.164719384,0.221748176,-0.343101421
40.6,19124,0.8674688,0,-0.588569401,105038,1.16577672,0.184312057,-0.535720347,0.181744364,-0.291874389,0.21051734,-0.400887099
40.7,13604,0.8332448,0.545153907,0.545153907,109685,1.1447502,0.433429423,0.570202711,0.290767227,-0.0407659,0.277390965,-0.109560156
40.9,5396,0.7823552,-0.573805461,-0.290369298,115141,1.10935564,-0.595884879,0.152615206,0.031395421,-0.11564692,0.015408212,-0.030907547
41,,,,,124983,1.645184042,1.78124394,-0.249291935,,,0.54515893,-0.096422864
41.2,,,,,129548,1.671892151,0.516781044,-0.781083489,,,0.536645564,-0.301821051
41.3,,,,,132027,1.686203724,0,0,,,0.375651895,-0.211274736
41.5,,,,,126873,1.656298395,-0.985193718,0.336940911,,,-0.032601789,-0.046810042
41.6,,,,,123201,1.634629789,-0.751336398,-1.217440808,,,-0.248222172,-0.397999272
41.8,,,,,120895,1.620861727,-0.782409249,0,,,-0.408478295,-0.27859949
41.9,,,,,110458,1.556913618,0.635633671,-0.462070061,,,-0.095244705,-0.333640661
42.1,,,,,107896,1.540786645,-0.426052031,-1.159687036,,,-0.194486903,-0.581454574
42.2,,,,,103241,1.51102797,0.844293721,0.194764927,,,0.117147284,-0.348588724
42.3,,,,,102901,1.508830792,0,0.683396948,,,0.082003099,-0.038993022
42.5,,,,,99909,1.48935383,0,0,,,0.057402169,-0.027295115
42.6,,,,,95340,1.459108836,0.185860826,-0.756043735,,,0.095939766,-0.245919701
42.8,,,,,97516,1.473589934,0.54120603,0.54120603,,,0.229519645,-0.009781982
42.9,,,,,101042,1.49675944,-0.675905952,-0.838297935,,,-0.042108034,-0.258336768
43.1,,,,,103433,1.512267291,0,-0.730037575,,,-0.029475624,-0.39984701
43.2,,,,,98515,1.48019122,0.207833338,0.800819166,,,0.041717065,-0.039647157
43.4,,,,,97034,1.470394405,0.910235667,0,,,0.302272645,-0.02775301
43.5,,,,,94707,1.454869669,0.854137254,-0.19525408,,,0.467832028,-0.078003331
43.7,,,,,90919,1.429246646,0.954435984,-0.346968957,,,0.613813215,-0.158693019
43.8,,,,,85730,1.393419716,0.980724192,0.881116272,,,0.723886508,0.153249768
44,,,,,85740,1.393489587,1.020447399,0.403781818,,,0.812854775,0.228409383
44.1,,,,,85331,1.390629219,1.428798573,0.998583369,,,0.997637915,0.459461579
44.3,,,,,88617,1.413458084,1.057633875,0.270539649,,,1.015636703,0.402785
44.4,,,,,94417,1.452923517,1.435710735,1.095062496,,,1.141658912,0.610468249
44.5,,,,,99612,1.48740642,1.532213215,1.532213215,,,1.258825203,0.886991739
44.7,,,,,102527,1.506410126,0.907564467,0.761674429,,,1.153446982,0.849396546
44.8,,,,,100773,1.495004525,1.206833335,0.726754935,,,1.169462888,0.812604063
45,,,,,106908,1.53452031,0,0,,,0.818624022,0.568822844
45.1,,,,,109108,1.548437669,1.057090073,1.172421592,,,0.890163837,0.749902468
45.3,,,,,110014,1.554131315,0.700715676,1.119180891,,,0.833329389,0.860685995
45.4,,,,,110684,1.558327833,0.97054734,0,,,0.874494774,0.602480197
45.6,,,,,107803,1.540197926,0.938794176,0.165875904,,,0.893784595,0.471498909
45.7,,,,,115848,1.590280598,0.787747949,0.787747949,,,0.861973601,0.566373621
45.9,,,,,118658,1.60738414,0.848906976,0.848906976,,,0.858053613,0.651133627
46,,,,,118305,1.605246259,0.448785127,0.684182614,,,0.735273068,0.661048323
46.2,,,,,110564,1.55757709,-1.268966345,-0.634483173,,,0.134001244,0.272388874
46.3,,,,,103316,1.511512203,-1.272070424,-0.698024073,,,-0.287820257,-0.01873501
46.5,,,,,91465,1.43296716,-1.42820816,-0.978348124,,,-0.629936628,-0.306618944
46.6,,,,,84079,1.381839462,-1.33541946,-1.137200741,,,-0.841581477,-0.555793483
46.8,,,,,79320,1.347956101,-0.877872494,-1.269338178,,,-0.852468782,-0.769856892
46.9,,,,,73432,1.304969225,-0.702206396,-0.702206396,,,-0.807390066,-0.749561743
47,,,,,67274,1.258700844,-0.644362725,-0.769806843,,,-0.758481864,-0.755635273
47.2,,,,,62329,1.220539244,-0.514112321,-1.028224642,,,-0.685171001,-0.837412084
47.3,,,,,61510,1.214130004,-0.575721142,-0.896854289,,,-0.652336043,-0.855244745
47.4,,,,,58848,1.193120494,-0.80283462,-0.157974997,,,-0.697485616,-0.646063821
47.6,,,,,61892,1.217122595,0,0,,,-0.488239931,-0.452244675
47.7,,,,,61145,1.211265387,-0.673168136,-0.673168136,,,-0.543718393,-0.518521713
47.8,,,,,58575,1.190950404,-0.659011588,-0.509560175,,,-0.578306351,-0.515833252
48,,,,,55350,1.165094141,-0.833867889,-0.134986484,,,-0.654974813,-0.401579221
48.1,,,,,56384,1.173428703,-0.96749217,-0.676372482,,,-0.74873002,-0.4840172
48.3,,,,,55861,1.16921834,-0.897917127,-1.002565534,,,-0.793486152,-0.6395817
48.4,,,,,55346,1.165061817,-1.15716054,0,,,-0.902588468,-0.44770719
48.6,,,,,55397,1.165473902,-0.774393605,-0.241704227,,,-0.864130009,-0.385906301
48.7,,,,,55345,1.165053735,-1.020105028,-0.397922469,,,-0.910922515,-0.389511151
48.8,,,,,54816,1.16077325,-1.059697438,0.885483798,,,-0.955554992,-0.007012667
49,,,,,58940,1.193851154,-0.810808229,-0.700307952,,,-0.912130963,-0.215001252
49.1,,,,,61852,1.216809495,-1.24425508,-0.750315927,,,-1.011768198,-0.375595655
49.2,,,,,60715,1.207884094,-1.273145433,-0.424381811,,,-1.090181369,-0.390231502
49.4,,,,,62708,1.223496553,-1.148826936,-0.468600697,,,-1.107775039,-0.41374226
49.5,,,,,61746,1.215979486,0,0,,,-0.775442527,-0.289619582
49.8,,,,,61531,1.214294662,-0.168394744,-0.684468002,,,-0.593328192,-0.408074108
50,,,,,61502,1.214067272,-0.942482268,-0.353216062,,,-0.698074415,-0.391616694
50.1,,,,,59540,1.198608288,-1.408708167,-0.391418486,,,-0.911264541,-0.391557232
50.3,,,,,60375,1.205205493,-0.935463157,-0.622739166,,,-0.918524125,-0.460911812
50.4,,,,,59820,1.20082352,0,0,,,-0.642966888,-0.322638268
50.5,,,,,58745,1.192302082,-0.505514575,-0.751945748,,,-0.601731194,-0.451430512
50.7,,,,,57741,1.184302935,0.147179811,0.759041742,,,-0.377057892,-0.088288836
50.8,,,,,65836,1.247697537,0.708465367,-1.010840912,,,-0.051400915,-0.365054459
50.9,,,,,70594,1.283815519,1.334142114,0.834493641,,,0.364261994,-0.005190029
51.1,,,,,70301,1.28161516,1.459149969,0.585497696,,,0.692728386,0.172016289
51.2,,,,,72351,1.296945562,1.078544228,-0.40638213,,,0.808473139,-0.001503237
51.4,,,,,75252,1.318385026,1.18155887,0.115622839,,,0.920398858,0.033634586
51.5,,,,,75761,1.322116297,0.778480673,0.661086498,,,0.877823403,0.221870159
51.7,,,,,82943,1.373819681,1.159311938,0.521322759,,,0.962269963,0.311705939
51.8,,,,,93555,1.447123694,1.523211185,0.507737062,,,1.13055233,0.370515276
52,,,,,97096,1.470805834,1.494632085,0.428982673,,,1.239776256,0.388055495
52.1,,,,,99384,1.485909702,1.062908572,-0.295167493,,,1.186715951,0.183088599
52.3,,,,,86327,1.397585358,-0.41181858,-0.962159641,,,0.707155592,-0.160485873
52.5,,,,,48107,1.105508619,0.534967888,0.631533536,,,0.655499281,0.07711995
52.6,,,,,31108,0.956976199,0.531925561,0.530321197,,,0.618427165,0.213080324
52.7,,,,,27599,0.924718531,0.817849125,-0.408924562,,,0.678253753,0.026478858
52.8,,,,,9667,0.750748839,0.846637494,-0.180024204,,,0.728768875,-0.035472061
53,,,,,3585,0.688116864,1.294139651,0.06565147,,,0.898380108,-0.005135001
53.1,,,,,1158,0.662589168,1.405557975,-0.480372356,,,1.050533468,-0.147706208
53.3,,,,,642,0.657121909,0.057455144,-0.608591677,,,0.752609971,-0.285971849
53.5,,,,,312,0.653618041,0.087018054,2.522911856,,,0.552932396,0.556693263
